--SQLite

-- CREATE TABLE AUTHORITY
-- (
--   AUTHORITY_ID   TEXT NOT NULL,
--   AUTHORITY_NAME TEXT NULL    ,
--   PRIMARY KEY (AUTHORITY_ID)
-- );

-- CREATE TABLE MEMBER
-- (
--   MEMBER_ID     TEXT NOT NULL,
--   NAME          TEXT NULL    ,
--   EMAIL         TEXT NOT NULL,
--   DEPARTMENT_ID TEXT NOT NULL,
--   PRIMARY KEY (MEMBER_ID),
--   CONSTRAINT FK_ORGANIZATION_TO_MEMBER
--     FOREIGN KEY (DEPARTMENT_ID)
--     REFERENCES ORGANIZATION (DEPARTMENT_ID)
-- );


-- CREATE TABLE MEMBER_AUTHORITY
-- (
--   MEMBER_ID    TEXT NOT NULL,
--   AUTHORITY_ID TEXT NOT NULL,
--   CONSTRAINT FK_MEMBER_TO_MEMBER_AUTHORITY
--     FOREIGN KEY (MEMBER_ID)
--     REFERENCES MEMBER (MEMBER_ID),
--     CONSTRAINT FK_AUTHORITY_TO_MEMBER_AUTHORITY
--     FOREIGN KEY (AUTHORITY_ID)
--     REFERENCES AUTHORITY (AUTHORITY_ID)

-- );

-- CREATE TABLE ORGANIZATION
-- (
--   DEPARTMENT_ID   TEXT NOT NULL,
--   DEPARTMENT_NAME TEXT NULL    ,
--   PRIMARY KEY (DEPARTMENT_ID)
-- );


-- INSERT INTO MEMBER VALUES ('MEMBER_01','PAUL','paul01@gmail.com','DEPARTMENT_01');
-- INSERT INTO MEMBER VALUES ('MEMBER_02','ALLEN','texas@imfblog.com','DEPARTMENT_02');
-- INSERT INTO MEMBER VALUES ('MEMBER_03','TEDDY','norway@iotm.com','DEPARTMENT_01');

-- INSERT INTO ORGANIZATION VALUES ('DEPARTMENT_01','IT BILLING');
-- INSERT INTO ORGANIZATION VALUES ('DEPARTMENT_02','ENGINEERING');

-- INSERT INTO AUTHORITY VALUES ('AUTHORITY_01','SYSTEM_MANAGER');
-- INSERT INTO AUTHORITY VALUES ('AUTHORITY_02','ROLE_ADMIN');
-- INSERT INTO AUTHORITY VALUES ('AUTHORITY_03','USER');
-- INSERT INTO AUTHORITY VALUES ('AUTHORITY_04','GUEST');

-- INSERT INTO MEMBER_AUTHORITY VALUES ('MEMBER_01','AUTHORITY_01');
-- INSERT INTO MEMBER_AUTHORITY VALUES ('MEMBER_01','AUTHORITY_02');
-- INSERT INTO MEMBER_AUTHORITY VALUES ('MEMBER_01','AUTHORITY_04');
-- INSERT INTO MEMBER_AUTHORITY VALUES ('MEMBER_02','AUTHORITY_01');
-- INSERT INTO MEMBER_AUTHORITY VALUES ('MEMBER_02','AUTHORITY_02');
-- INSERT INTO MEMBER_AUTHORITY VALUES ('MEMBER_03','AUTHORITY_02');

-- SELECT MEMBER.NAME, ORGANIZATION.DEPARTMENT_NAME FROM MEMBER, ORGANIZATION
-- WHERE MEMBER.DEPARTMENT_ID = ORGANIZATION.DEPARTMENT_ID;

-- JOIN 3개를 해야 정상 작동함.. 지금은 못함
-- SELECT MEMBER.NAME, AUTHORITY.AUTHORITY_NAME FROM MEMBER, AUTHORITY
-- WHERE MEMBER.MEMBER_ID = MEMBER_AUTHORITY.MEMBER_ID AND MEMBER_AUTHORITY.AUTHORITY_ID = AUTHORITY.AUTHORITY_ID;



-- # 위에는 authority 1
-- # 아래는 authority 2

-- CREATE TABLE MULTI_BOARD
-- (
--   MOVIE_TITLE   TEXT NULL    ,
--   MOVIE_CONTENT TEXT NULL    ,
--   FILES_ID      TEXT NOT NULL,
--   MEMBER_ID          TEXT NOT NULL,
--   CONSTRAINT FK_ATTACH_FILES_TO_MULTI_BOARD
--     FOREIGN KEY (FILES_ID)
--     REFERENCES ATTACH_FILES (FILES_ID),
--     CONSTRAINT FK_MEMBER_ID_TO_MULTI_BOARD
--     FOREIGN KEY (MEMBER_ID)
--     REFERENCES MEMBER (MEMBER_ID)
-- );

-- CREATE TABLE ATTACH_FILES
-- (
--   FILES_ID   TEXT NOT NULL,
--   FILES_NAME TEXT NULL    ,
--   PRIMARY KEY (FILES_ID)
-- );


-- INSERT INTO MULTI_BOARD VALUES ('용감한 가족','한국 영화 장르','FILES_01','MEMBER_01');
-- INSERT INTO MULTI_BOARD VALUES ('용감한 가족','한국 영화 장르','FILES_05','MEMBER_01');
-- INSERT INTO MULTI_BOARD VALUES ('용감한 형제','일본 영화 장르','FILES_03','MEMBER_03');
-- INSERT INTO MULTI_BOARD VALUES ('용감한 형제','일본 영화 장르','FILES_07','MEMBER_03');
-- INSERT INTO MULTI_BOARD VALUES ('용감한 친척','미국 영화 장르','FILES_04','MEMBER_03');
-- INSERT INTO MULTI_BOARD VALUES ('용감한 친척','미국 영화 장르','FILES_08','MEMBER_03');

-- INSERT INTO ATTACH_FILES VALUES ('FILES_01','poster.png');
-- INSERT INTO ATTACH_FILES VALUES ('FILES_02','poster01.png');
-- INSERT INTO ATTACH_FILES VALUES ('FILES_03','poster02.png');
-- INSERT INTO ATTACH_FILES VALUES ('FILES_04','poster03.png');
-- INSERT INTO ATTACH_FILES VALUES ('FILES_05','actor.png');
-- INSERT INTO ATTACH_FILES VALUES ('FILES_06','actor01.png');
-- INSERT INTO ATTACH_FILES VALUES ('FILES_07','actor02.png');
-- INSERT INTO ATTACH_FILES VALUES ('FILES_08','actor03.png');

-- COLUMN이 안나온다고 오류뜸..
-- JOINT가 부족한듯..
-- SELECT MULTI_BOARD.MOVIE_TITLE, MULTI_BOARD.MOVIE_CONTENT, ATTACH_FILES.FILES_NAME, MEMBER.NAME FROM MULTI_BOARD, MULTI_BOARD ,ATTACH_FILES, MEMBER
-- WHERE MULTI_BOARD.FILES_ID = ATTACH_FILES.FILES_ID AND MEMBER.MEMBER_ID = MULTI_BOARD.MEMBER_ID;

-- 값은 나오는데
-- SELECT MULTI_BOARD.MOVIE_TITLE FROM MULTI_BOARD;